Comment,Designator,Footprint,LCSC
220uF,"C10,C9",RCL_PANASONIC_C,C11380
1uF,C3,MICROBUILDER_0603-NO,C15849
10µF,"C11,C13",MICROBUILDER_0805-NO,C15850
10nF,"C2,C6",MICROBUILDER_0603-NO,C1589
22pF,"C4,C5",MICROBUILDER_0603-NO,C1653
100K,R14,MICROBUILDER_RESPACK_4X0603,C173315
AP7312-1833W6-7,U4,MICROBUILDER_SOT23-6,C195066
10uF,C8,C_0603_1608Metric,C19702
S1JHE,"D1,D2",D_SOD-323_HandSoldering,C2128
100,"R8,R9",MICROBUILDER_0603-NO,C22775
4.7K,"R11,R12",R_0603_1608Metric,C23162
100K,R2,MICROBUILDER_0603-NO,C25803
10K,"R10,R13,R3",R_0603_1608Metric,C25804
ABM8G-12.288MHZ-4Y-T3,Y1,MICROBUILDER_CRYSTAL_3.2X2.5,C276421
ER-TFT02X,U3,ER-CON50HT-1,C2797205
Micro_SD_Card_Det,J3,microSD_HC_Molex_104031-0811,C585350
BSS138,Q1,SOT-23,C8490
1µF,"C12,C26,C7",MICROBUILDER_0603-NO,C9900019564
VS1053B,U1,MICROBUILDER_LQFP48,C9922
KMR2,SW1,MICROBUILDER_BTN_KMR2_4.6X2.8,C99271
1M,R1,MICROBUILDER_0603-NO,
10R,R7,R_0603_1608Metric,
22,R5,MICROBUILDER_0603-NO,
22,R6,MICROBUILDER_0603-NO,
