Designator,Val,Package,Mid X,Mid Y,Rotation,Layer
C2,10nF,MICROBUILDER_0603-NO,158.6738,-63.793,90.0,top
C3,1uF,MICROBUILDER_0603-NO,145.4912,-94.1578,-90.0,top
C4,22pF,MICROBUILDER_0603-NO,155.8544,-72.136,-90.0,top
C5,22pF,MICROBUILDER_0603-NO,151.7142,-75.7174,0.0,top
C6,10nF,MICROBUILDER_0603-NO,160.6042,-63.7676,90.0,top
C7,0.1uF,C_0603_1608Metric,126.8222,-76.9112,180.0,top
C8,10uF,C_0603_1608Metric,126.8222,-75.311,180.0,top
C9,220uF,RCL_PANASONIC_C,144.78,-63.3222,180.0,top
C10,220uF,RCL_PANASONIC_C,152.8572,-63.1698,0.0,top
C11,10µF,MICROBUILDER_0805-NO,151.8666,-103.251,0.0,top
C12,1µF,MICROBUILDER_0603-NO,145.6182,-90.5764,90.0,top
C13,10µF,MICROBUILDER__0805MP,145.542,-98.1456,90.0,top
C26,0.1µF,MICROBUILDER_0603-NO,151.8158,-77.5208,0.0,top
D1,S1JHE,D_SOD-323_HandSoldering,119.5324,-131.572,90.0,top
D2,S1JHE,D_SOD-323_HandSoldering,120.6754,-135.0772,0.0,top
FB1,FERITTE,MICROBUILDER_0805-NO,148.9456,-83.693,180.0,top
FB2,FERITTE,MICROBUILDER_0805-NO,145.796,-84.4398,-90.0,top
J2,Conn_01x08,Hirose_FH12-8S-0.5SH_1x08-1MP_P0.50mm_Horizontal,114.4626,-144.1196,-90.0,top
J3,Micro_SD_Card_Det,microSD_HC_Molex_104031-0811,135.4503,-141.6101,0.0,top
JP8,HEADER-1X1ROUND,MICROBUILDER_1X01_ROUND,160.0454,-93.8276,0.0,top
MIDI1,SOLDERJUMPER,MICROBUILDER_SOLDERJUMPER_REFLOW_NOPASTE,159.8422,-85.8266,90.0,top
Q1,BSS138,SOT-23,127.3048,-69.5706,-90.0,top
R1,1M,MICROBUILDER_0603-NO,158.623,-90.512,90.0,top
R2,100K,MICROBUILDER_0603-NO,151.8158,-79.2734,180.0,top
R3,10K,R_0603_1608Metric,128.6256,-59.5122,180.0,top
R5,22,MICROBUILDER_0603-NO,157.8492,-67.7418,0.0,top
R6,22,MICROBUILDER_0603-NO,159.6644,-70.0532,0.0,top
R7,10R,R_0603_1608Metric,126.3142,-61.8744,0.0,top
R8,100,MICROBUILDER_0603-NO,143.3322,-67.8688,0.0,top
R9,100,MICROBUILDER_0603-NO,152.6032,-68.7578,0.0,top
R10,10K,R_0603_1608Metric,126.8984,-79.7052,0.0,top
R11,4.7K,R_0603_1608Metric,151.003,-140.2842,0.0,top
R12,4.7K,R_0603_1608Metric,120.5992,-140.1064,180.0,top
R13,10K,R_0603_1608Metric,117.8814,-111.9378,0.0,top
R14,100K,MICROBUILDER_RESPACK_4X0603,158.1404,-80.5434,0.0,top
RST1,SOLDERJUMPERCLOSED,MICROBUILDER_SOLDERJUMPER_CLOSEDWIRE,159.9438,-98.6028,-90.0,top
SW1,KMR2,MICROBUILDER_BTN_KMR2_4.6X2.8,158.6738,-107.5944,90.0,top
SW2,SW_EN,SW_SPDT_PCM12,135.3326,-67.4114,180.0,top
U1,VS1053B,MICROBUILDER_LQFP48,151.8158,-91.1606,90.0,top
U3,ER-TFT02X,ER-CON50HT-1,116.2729,-72.898,-90.0,top
U4,AP7312-1833W6-7,MICROBUILDER_SOT23-6,151.8666,-99.695,0.0,top
U5,Adafruit_Feather_2X,fw,147.2946,-151.8158,90.0,top
Y1,ABM8G-12.288MHZ-4Y-T3,MICROBUILDER_CRYSTAL_3.2X2.5,152.2984,-72.2376,0.0,top
