Comment,Designator,Footprint,LCSC
FERITTE,"FB1,FB2",MICROBUILDER_0805-NO,C1015
BSS138,Q1,MICROBUILDER_SOT23-R,C112239
RED,D3,MICROBUILDER_CHIPLED_0603_NOOUTLINE,C118330
ORANGE,CHG0,MICROBUILDER_CHIPLED_0603_NOOUTLINE,C138546
0.1µF,C14,MICROBUILDER_0603-NO,C14663
1uF,"C10,C15,C16,C20,C24,C4,C9",MICROBUILDER_0603-NO,C15849
10uF,"C1,C17,C2,C23,C5,C6,C7,C8",MICROBUILDER_0805-NO,C15850
22pF,"C12,C13",MICROBUILDER_0603-NO,C1653
100K,R12,MICROBUILDER_RESPACK_4X0603,C173315
AP7312-1833W6-7,U7,MICROBUILDER_SOT23-6,C195066
100,"R19,R20",MICROBUILDER_0603-NO,C22775
1Meg,"R10,R17",MICROBUILDER_0603-NO,C22935
5.1K,"R2,R4,R5,R9",MICROBUILDER_0603-NO,C23186
22,"R13,R16,R6",MICROBUILDER_0603-NO,C23345
100K,"R1,R11,R7",MICROBUILDER_0603-NO,C25803
10K,R3,MICROBUILDER_0603-NO,C25804
AP2112/RT9080-3.3,"U2,U4",MICROBUILDER_SOT23-5,C2909826
ESP32-S3-MINI-1,U1,ADAFRUIT_WIRELESS_QFN60_ESP32-S2-MINI-1_EXP,C2913206
MCP73831T-2ACI/OT,U3,MICROBUILDER_SOT23-5,C424093
10µF,"C11,C3",MICROBUILDER_0805-NO,C440198
220uF,"C21,C22",RCL_PANASONIC_C,C445086
10nF,"C18,C19",MICROBUILDER_0603-NO,C57112
LC709203F/MH,IC1,ADAFRUIT_SENSOR_WLCSP9,C603093
MBR540,D4,MICROBUILDER_SOD-123,C8678
DMG3415U,Q3,MICROBUILDER_SOT23-R,C96616
VS1053B,U6,MICROBUILDER_LQFP48,C9922
KMR2,"SW1,SW2,SW3",MICROBUILDER_BTN_KMR2_4.6X2.8,C99271
DD1R030HA1R1300,J1,DD1R030HA1R1300,
JSTPH,X1,ADAFRUIT_ELECTROMECH_JSTPH2_BATT,
2908-05WB-M6,CN1,MICROBUILDER_MICROSD,
ABM8G-12.288MHZ-4Y-T3,Y1,MICROBUILDER_CRYSTAL_3.2X2.5,
Conn_01x08,J4,Hirose_FH12-8S-0.5SH_1x08-1MP_P0.50mm_Horizontal,
SOLDERJUMPER,MIDI1,MICROBUILDER_SOLDERJUMPER_ARROW_NOPASTE,
