Designator,Val,Package,Mid X,Mid Y,Rotation,Layer
C1,10uF,MICROBUILDER_0805-NO,151.5872,-119.9896,180.0,top
C2,10uF,MICROBUILDER_0805-NO,150.5966,-128.1176,0.0,top
C3,10µF,MICROBUILDER_0805-NO,140.6398,-135.7376,180.0,top
C4,1uF,MICROBUILDER_0603-NO,130.8608,-107.2896,90.0,top
C5,10uF,MICROBUILDER_0805-NO,157.988,-93.9038,0.0,top
C6,10uF,MICROBUILDER_0805-NO,150.5966,-130.3782,0.0,top
C7,10uF,MICROBUILDER_0805-NO,157.9372,-96.0882,0.0,top
C8,10uF,MICROBUILDER_0805-NO,150.5458,-132.6896,0.0,top
C9,1uF,MICROBUILDER_0603-NO,140.208,-118.364,180.0,top
C10,1uF,MICROBUILDER_0603-NO,158.0134,-91.821,0.0,top
C11,10µF,MICROBUILDER_0805-NO,117.2464,-74.3712,180.0,top
C12,22pF,MICROBUILDER_0603-NO,133.858,-81.4696,90.0,top
C13,22pF,MICROBUILDER_0603-NO,131.8006,-79.629,-90.0,top
C14,0.1µF,MICROBUILDER_0603-NO,131.3942,-72.8218,-90.0,top
C15,1uF,MICROBUILDER_0603-NO,137.9474,-68.2498,0.0,top
C16,1uF,MICROBUILDER_0603-NO,131.1148,-61.6712,90.0,top
C17,10uF,MICROBUILDER_0805-NO,146.2786,-84.4296,0.0,top
C18,10nF,MICROBUILDER_0603-NO,151.0538,-64.0334,-90.0,top
C19,10nF,MICROBUILDER_0603-NO,153.7716,-70.5866,180.0,top
C20,1uF,MICROBUILDER_0603-NO,139.7254,-65.1256,0.0,top
C21,220uF,RCL_PANASONIC_C,148.463,-58.4454,180.0,top
C22,220uF,RCL_PANASONIC_C,158.4452,-59.7154,-90.0,top
C23,10uF,MICROBUILDER_0805-NO,151.9174,-83.5152,-90.0,top
C24,1uF,MICROBUILDER_0603-NO,117.221,-76.6318,180.0,top
CHG0,ORANGE,MICROBUILDER_CHIPLED_0603_NOOUTLINE,161.6964,-141.1732,90.0,top
CN1,2908-05WB-M6,MICROBUILDER_MICROSD,128.0564,-68.2968,180.0,top
D3,RED,MICROBUILDER_CHIPLED_0603_NOOUTLINE,161.7472,-139.0396,-90.0,top
D4,MBR540,MICROBUILDER_SOD-123,144.5768,-127.6858,180.0,top
FB1,FERITTE,MICROBUILDER_0805-NO,134.7216,-64.262,-90.0,top
FB2,FERITTE,MICROBUILDER_0805-NO,153.8986,-75.0316,0.0,top
IC1,LC709203F/MH,ADAFRUIT_SENSOR_WLCSP9,158.9532,-121.7676,180.0,top
J1,DD1R030HA1R1300,DD1R030HA1R1300,138.43,-143.7386,0.0,top
J4,Conn_01x08,Hirose_FH12-8S-0.5SH_1x08-1MP_P0.50mm_Horizontal,117.1042,-140.208,-90.0,top
J5,Conn_01x12,MICROBUILDER_TFT_2.0IN_240X320_12P,142.5194,-69.6214,90.0,bottom
MIDI1,SOLDERJUMPER,MICROBUILDER_SOLDERJUMPER_ARROW_NOPASTE,146.7866,-69.7484,90.0,top
Q1,BSS138,MICROBUILDER_SOT23-R,124.6886,-74.5236,90.0,top
Q3,DMG3415U,MICROBUILDER_SOT23-R,160.7058,-118.1862,180.0,top
R1,100K,MICROBUILDER_0603-NO,151.638,-117.5512,0.0,top
R2,5.1K,MICROBUILDER_0603-NO,136.271,-132.6388,0.0,top
R3,10K,MICROBUILDER_0603-NO,116.1796,-79.9338,-90.0,top
R4,5.1K,MICROBUILDER_0603-NO,131.572,-131.5466,-90.0,top
R5,5.1K,MICROBUILDER_0603-NO,156.5538,-139.0904,0.0,top
R6,22,MICROBUILDER_0603-NO,158.1912,-69.7738,-90.0,top
R7,100K,MICROBUILDER_0603-NO,152.4508,-124.0146,-90.0,top
R9,5.1K,MICROBUILDER_0603-NO,130.8862,-111.6838,-90.0,top
R10,1Meg,MICROBUILDER_0603-NO,141.4018,-81.4324,-90.0,top
R11,100K,MICROBUILDER_0603-NO,132.1562,-68.3514,0.0,top
R12,100K,MICROBUILDER_RESPACK_4X0603,146.4818,-74.6252,90.0,top
R13,22,MICROBUILDER_0603-NO,121.4628,-71.4756,0.0,top
R16,22,MICROBUILDER_0603-NO,147.6756,-63.246,0.0,top
R17,1Meg,MICROBUILDER_0603-NO,140.208,-116.1034,0.0,top
R19,100,MICROBUILDER_0603-NO,144.272,-62.4332,-90.0,top
R20,100,MICROBUILDER_0603-NO,158.2674,-65.786,-90.0,top
SW1,KMR2,MICROBUILDER_BTN_KMR2_4.6X2.8,135.7376,-101.219,180.0,top
SW2,KMR2,MICROBUILDER_BTN_KMR2_4.6X2.8,135.6868,-111.633,180.0,top
SW3,KMR2,MICROBUILDER_BTN_KMR2_4.6X2.8,135.7376,-106.5784,0.0,top
U1,ESP32-S3-MINI-1,ADAFRUIT_WIRELESS_QFN60_ESP32-S2-MINI-1_EXP,154.178,-106.0196,-90.0,top
U2,AP2112/RT9080-3.3,MICROBUILDER_SOT23-5,147.5994,-124.1044,90.0,top
U3,MCP73831T-2ACI/OT,MICROBUILDER_SOT23-5,140.6906,-131.4704,0.0,top
U4,AP2112/RT9080-3.3,MICROBUILDER_SOT23-5,121.4628,-79.502,-90.0,top
U6,VS1053B,MICROBUILDER_LQFP48,137.922,-74.4474,0.0,top
U7,AP7312-1833W6-7,MICROBUILDER_SOT23-6,146.4564,-80.3148,0.0,top
X1,JSTPH,ADAFRUIT_ELECTROMECH_JSTPH2_BATT,158.8516,-132.1562,180.0,top
Y1,ABM8G-12.288MHZ-4Y-T3,MICROBUILDER_CRYSTAL_3.2X2.5,137.414,-81.4832,0.0,top
